epoch,chunk,train_loss,val_loss,time_elapsed
1,1,0.814573,,448.83
1,2,0.801991,,1142.54
1,3,0.804566,,1793.31
