epoch,chunk,train_loss,val_loss,time_elapsed
1,1,0.814573,,448.83
1,2,0.801991,,1142.54
1,3,0.804566,,1793.31
1,4,0.807747,,2543.41
1,5,0.809988,,3150.77
1,6,0.811261,,3801.96
1,7,0.814440,,4439.79
1,8,0.817887,,5113.58
